Datetime,Water Level (m)
2025-10-13 18:00:00,-0.33773866
2025-10-13 19:00:00,-0.32891214
2025-10-13 20:00:00,-0.09965028
2025-10-13 21:00:00,0.14513655
2025-10-13 22:00:00,0.39827406
2025-10-13 23:00:00,0.61199373
2025-10-14 00:00:00,0.75442195
2025-10-14 01:00:00,0.7864192
2025-10-14 02:00:00,0.66395074
2025-10-14 03:00:00,0.43027553
2025-10-14 04:00:00,0.21077804
2025-10-14 05:00:00,0.032848246
2025-10-14 06:00:00,-0.105304584
2025-10-14 07:00:00,-0.19888142
2025-10-14 08:00:00,-0.22794442
2025-10-14 09:00:00,-0.10584911
2025-10-14 10:00:00,0.120185554
2025-10-14 11:00:00,0.30824172
2025-10-14 12:00:00,0.44106424
2025-10-14 13:00:00,0.5011893
2025-10-14 14:00:00,0.48392764
2025-10-14 15:00:00,0.37606975
2025-10-14 16:00:00,0.20682593
2025-10-14 17:00:00,0.03789005
2025-10-14 18:00:00,-0.10613499
2025-10-14 19:00:00,-0.20653255
2025-10-14 20:00:00,-0.24959993
2025-10-14 21:00:00,-0.14320351
2025-10-14 22:00:00,0.120716125
2025-10-14 23:00:00,0.3780177
2025-10-15 00:00:00,0.58851683
2025-10-15 01:00:00,0.7212762
2025-10-15 02:00:00,0.77081734
2025-10-15 03:00:00,0.71708316
2025-10-15 04:00:00,0.5524245
2025-10-15 05:00:00,0.34909678
2025-10-15 06:00:00,0.16402292
2025-10-15 07:00:00,0.012251039
2025-10-15 08:00:00,-0.11396888
2025-10-15 09:00:00,-0.20385812
2025-10-15 10:00:00,-0.23017853
2025-10-15 11:00:00,-0.05316534
2025-10-15 12:00:00,0.22487317
2025-10-15 13:00:00,0.4378962
2025-10-15 14:00:00,0.5798347
2025-10-15 15:00:00,0.6331503
2025-10-15 16:00:00,0.5834878
2025-10-15 17:00:00,0.41887745
2025-10-15 18:00:00,0.22524902
2025-10-15 19:00:00,0.05350271
2025-10-15 20:00:00,-0.078928106
2025-10-15 21:00:00,-0.16985996
2025-10-15 22:00:00,-0.2025489
2025-10-15 23:00:00,-0.06577521
2025-10-16 00:00:00,0.23339216
2025-10-16 01:00:00,0.50214475
2025-10-16 02:00:00,0.7102592
2025-10-16 03:00:00,0.8296224
2025-10-16 04:00:00,0.8384895
2025-10-16 05:00:00,0.69521415
2025-10-16 06:00:00,0.4594136
2025-10-16 07:00:00,0.24100919
2025-10-16 08:00:00,0.06161868
2025-10-16 09:00:00,-0.08417192
2025-10-16 10:00:00,-0.19686529
2025-10-16 11:00:00,-0.26176012
2025-10-16 12:00:00,-0.13271551
2025-10-16 13:00:00,0.20797697
2025-10-16 14:00:00,0.47457576
2025-10-16 15:00:00,0.67229706
2025-10-16 16:00:00,0.7766
2025-10-16 17:00:00,0.75520796
2025-10-16 18:00:00,0.57258207
2025-10-16 19:00:00,0.34323105
2025-10-16 20:00:00,0.14119016
2025-10-16 21:00:00,-0.019106356
2025-10-16 22:00:00,-0.1445158
2025-10-16 23:00:00,-0.22109465
2025-10-17 00:00:00,-0.16209868
2025-10-17 01:00:00,0.17570439
2025-10-17 02:00:00,0.48842368
2025-10-17 03:00:00,0.7412806
2025-10-17 04:00:00,0.89994943
2025-10-17 05:00:00,0.92037225
2025-10-17 06:00:00,0.75387
2025-10-17 07:00:00,0.49073407
2025-10-17 08:00:00,0.25353318
2025-10-17 09:00:00,0.062445164
2025-10-17 10:00:00,-0.09421811
2025-10-17 11:00:00,-0.21800692
2025-10-17 12:00:00,-0.28804755
2025-10-17 13:00:00,-0.09805133
2025-10-17 14:00:00,0.27610487
2025-10-17 15:00:00,0.57422936
2025-10-17 16:00:00,0.80444086
2025-10-17 17:00:00,0.9204496
2025-10-17 18:00:00,0.87064207
2025-10-17 19:00:00,0.6324493
2025-10-17 20:00:00,0.3746478
2025-10-17 21:00:00,0.15560901
2025-10-17 22:00:00,-0.015070828
2025-10-17 23:00:00,-0.1507036
2025-10-18 00:00:00,-0.24326304
2025-10-18 01:00:00,-0.17020315
2025-10-18 02:00:00,0.2187054
2025-10-18 03:00:00,0.549909
2025-10-18 04:00:00,0.8206172
2025-10-18 05:00:00,0.97613806
2025-10-18 06:00:00,0.9665606
2025-10-18 07:00:00,0.7396221
2025-10-18 08:00:00,0.46011242
2025-10-18 09:00:00,0.21987917
2025-10-18 10:00:00,0.030719986
2025-10-18 11:00:00,-0.12564155
2025-10-18 12:00:00,-0.2476339
2025-10-18 13:00:00,-0.27996817
2025-10-18 14:00:00,0.068887055
2025-10-18 15:00:00,0.4454626
2025-10-18 16:00:00,0.7617061
2025-10-18 17:00:00,0.9834359
2025-10-18 18:00:00,1.0564669
2025-10-18 19:00:00,0.93260837
2025-10-18 20:00:00,0.63723665
2025-10-18 21:00:00,0.36993843
2025-10-18 22:00:00,0.15005207
2025-10-18 23:00:00,-0.021922683
2025-10-19 00:00:00,-0.16122115
2025-10-19 01:00:00,-0.2501754
2025-10-19 02:00:00,-0.055406522
2025-10-19 03:00:00,0.3775009
2025-10-19 04:00:00,0.7099841
2025-10-19 05:00:00,0.95906115
2025-10-19 06:00:00,1.0569565
2025-10-19 07:00:00,0.94317174
2025-10-19 08:00:00,0.64816
2025-10-19 09:00:00,0.37664035
2025-10-19 10:00:00,0.15344106
2025-10-19 11:00:00,-0.023830613
2025-10-19 12:00:00,-0.17127284
2025-10-19 13:00:00,-0.28374365
2025-10-19 14:00:00,-0.19825515
2025-10-19 15:00:00,0.25458542
2025-10-19 16:00:00,0.63488674
2025-10-19 17:00:00,0.9416875
2025-10-19 18:00:00,1.1200382
